x,y_true,y_noisy,y_linear,y_quadratic,y_cubic,y_quartic
-2.4392501406234484,0.5516018699775933,0.5898162049299702,0.572780944891478,0.5116528057817797,0.5480982420810558,0.555383805246363
-2.4391906485704107,0.55160854348529,0.5592070389428336,0.5727938452097637,0.5116802221318533,0.5481089302350136,0.5553889381459644
-2.4149636878740344,0.5546345649488411,0.5283681119140048,0.5780352585424934,0.5227596693017228,0.5526468293094989,0.5578200205007088
-2.375005757692566,0.560891732554281,0.5316130382856423,0.5866254056462088,0.5406556641774352,0.5608955871481409,0.563227842842803
-2.316388164411185,0.5725959440744535,0.5691469765354823,0.5990944301452483,0.566034035453344,0.5745342906778953,0.5739487531699617
-2.313061360775009,0.5733407791668821,0.5939576576555162,0.5997971010504899,0.567442465000516,0.5753578283815631,0.574646251055929
-2.3028488000192744,0.5756769077894957,0.5954660624118789,0.6019506607944975,0.5717442939340088,0.5779165786460273,0.5768423464128422
-2.2838169102575785,0.5802224260555584,0.5809280016129168,0.605949721551391,0.579672921939701,0.5828038596067764,0.5811474388956659
-2.2686958463878244,0.5840021429637097,0.5707317153641893,0.6091134993853908,0.5858896872089807,0.5867913367997685,0.5847542814813419
-2.2637308399822844,0.585274040481297,0.5749958432536006,0.610149667242995,0.5879148687421023,0.5881198157169635,0.5859727683389087
-2.2599806086393674,0.5862445194338535,0.5866415033771768,0.6109314380029314,0.5894392519187842,0.5891293522981151,0.5869039738670505
-2.247942509535779,0.5894148953832712,0.5939772412660139,0.6134357336878905,0.5943014937977346,0.5924043716872227,0.5899543590549602
-2.2389762997553837,0.5918289789856259,0.5930979075215171,0.6152958288961036,0.5978921398657289,0.5948766380490886,0.5922849245800452
-2.2125183046388504,0.5991966086011311,0.5994488765604731,0.6207586976378373,0.6083326096523575,0.602324946361966,0.5994336719498696
-2.2074168124640114,0.6006564452964209,0.6057335915667206,0.6218075023582911,0.6103188411642988,0.6037857552908804,0.6008558158494318
-2.2042894062268124,0.6015572919678787,0.608316249405094,0.6224497303820584,0.611532155082001,0.6046850078095651,0.6017342462662495
-2.200302635541754,0.6027120540963711,0.6000791907667196,0.6232676277755514,0.6130740965651157,0.6058353777457135,0.6028611822243051
-2.200036340824298,0.6027894372243008,0.5876390816735295,0.6233222266908374,0.6131768990534889,0.6059123745498532,0.6029367363706407
-2.1955694267978787,0.6040921037827289,0.5906918714272781,0.624237484495871,0.6148977725306066,0.6072068539880394,0.6042092705019813
-2.190390236658761,0.6056132000746044,0.6122072654451833,0.6252972611498582,0.6168846015791215,0.6087145007186113,0.6056967073124756
-2.1703185138276684,0.6116108416184591,0.6367350136093918,0.6293898929057256,0.6244983193880083,0.6146221652296306,0.6115763903495429
-2.1309791836994525,0.6237804713265656,0.6421306059914447,0.6373441177532816,0.6390190297108985,0.6264630535400962,0.6235676552790911
-2.0777895184371484,0.640896785497985,0.6290319090217097,0.6479567286240544,0.6577901608269717,0.6428903754793258,0.6405365035833883
-2.0400326176227734,0.6533440603865339,0.6188795139731925,0.6553906490714057,0.6705010465057959,0.654734620832902,0.6529305052673332
-2.020327533803807,0.6598936361313137,0.6384700469016907,0.6592376294863421,0.6769291006179687,0.6609464697754358,0.6594655364239784
-1.9970987315355626,0.6676337480203776,0.6857059558200754,0.6637439188441362,0.6843236602087851,0.6682769230832192,0.6671980798269429
-1.9945607376129044,0.6684797005607386,0.7111507942032065,0.6642344151256258,0.6851195377232745,0.6690776696009593,0.6680437639593836
-1.9943388230796022,0.6685536652475172,0.6911200353554213,0.6642772852628175,0.6851890136408038,0.6691476790402288,0.6681177100475876
-1.9930188163083662,0.6689936146813413,0.6442276195568601,0.6645322305403261,0.6856018985295841,0.6695640938745008,0.6685575648291564
-1.990855705131842,0.6697145106624436,0.6204049935430691,0.6649497988717544,0.6862771042403991,0.6702463974281576,0.6692783640865357
-1.9850074384460747,0.6716630680678506,0.6498055978693741,0.666077425229065,0.68809394087573,0.6720904953416545,0.6712270122933135
-1.9829373242058868,0.6723525764811653,0.703802156891561,0.6664761083588301,0.6887340104294136,0.6727430023825314,0.6719166723605335
-1.978592522629055,0.6737992397518346,0.7278389353705159,0.6673120870653707,0.6900722341583752,0.6741119955674804,0.673363849640011
-1.9771878840032002,0.6742667708139138,0.6937693005669375,0.6675821245566297,0.6905033725525864,0.6745544193864703,0.6738316021402666
-1.9327978054648094,0.6889679330748111,0.6513546077370134,0.676058938924294,0.7037500293029435,0.6884716169313017,0.688550882497136
-1.899970401311063,0.6996845800257503,0.6430470179040838,0.682257261180152,0.7130725855941353,0.6986361459378454,0.69928944550978
-1.8996540764413576,0.6997869525447349,0.6839681787204483,0.6823167009159783,0.7131604549854178,0.6987333730345402,0.6993920443621694
-1.8864461756688822,0.7040437248932558,0.746812931014015,0.68479372951348,0.7167959470938873,0.7027788588564388,0.7036583537807288
-1.874936320018867,0.7077229093624566,0.7647322285724593,0.686944677552384,0.7199108726331613,0.7062800757482509,0.7073458739595992
-1.8354846239124738,0.72008194978031,0.7312944263943556,0.694264592859013,0.730213219627803,0.7180802560703695,0.7197311837596329
-1.834989046008666,0.7202344278775148,0.6737503555666892,0.6943560327000214,0.7303389588383735,0.7182262698478175,0.7198839479402716
-1.8217398990096134,0.7242826762714901,0.669085629354249,0.6967960669430401,0.7336669227082784,0.7221072564563321,0.723939255067982
-1.7917126945771866,0.7332405287226348,0.7270900582930957,0.7022941550564393,0.7409707995171125,0.7307282008870718,0.73290824974754
-1.787164888437821,0.7345689782127152,0.782978318943619,0.7031231512289932,0.7420484226825316,0.7320110443082231,0.7342377497000964
-1.7453624069203082,0.7463926268108767,0.7977679604242994,0.7107004102917885,0.7516076516401949,0.743487331171085,0.7460626474768468
-1.7406652673648622,0.7476746986667389,0.7488023138052113,0.7115472986871583,0.7526433106728074,0.7447387537675896,0.7473438863391856
-1.7033826569501902,0.7574852008012697,0.7091800676437254,0.718240759679925,0.7605951920652092,0.7543680039047247,0.7571405841776654
-1.6888062657093612,0.7611339415740647,0.715294781784195,0.7208454455563106,0.7635770787980058,0.7579759917514656,0.7607804883564505
-1.665452355194987,0.7667453338475537,0.770112919837843,0.7250071153915543,0.7682102230856953,0.7635573955091598,0.7663745405823207
-1.6155917293344169,0.7776877803764095,0.8237450174161232,0.7338607015964858,0.7775287156505265,0.774579801101536,0.7772790816480294
-1.6101163342067648,0.7787981460057551,0.8177819945017821,0.7348313355141306,0.7785054207708388,0.7757105746234659,0.7783865751630415
-1.5807955116623367,0.7844190485352254,0.7775321341232406,0.7400238301495369,0.7835746208404778,0.7814769097230397,0.7840032566514812
-1.5762163039888666,0.7852462162284056,0.7435604686011204,0.7408335114529214,0.7843405951246737,0.7823318839987131,0.784832031609586
-1.5508756847107703,0.7895674191873048,0.758288993558806,0.7453001211962448,0.7884370558450687,0.7868277055530377,0.789177853846913
-1.550346375229405,0.7896529737592863,0.7987066032555177,0.745393041287183,0.7885198159691962,0.7869172342542474,0.7892642449803544
-1.5251033985676292,0.7935034271531911,0.828848232511734,0.7497919525857001,0.7923098946115918,0.7909690241403637,0.7931698942162991
-1.52408184423571,0.7936496494410488,0.8168838223349016,0.7499682277375087,0.7924563122192824,0.791123845865363,0.7933188557694033
-1.5093285225171975,0.7956764376135199,0.7860876065340145,0.7524930353698647,0.79450743647638,0.7932800261271407,0.7953856382552312
-1.4700564354030803,0.800277306518526,0.7729638694281764,0.7549711937390955,0.7991784910320862,0.7979897566672304,0.8000162645032749
-1.46199060738675,0.8010754281708137,0.7857049514932292,0.75571429652607,0.8000155680085462,0.7988496362537045,0.800823446417184
-1.450679916651176,0.8021083320693381,0.810439551144269,0.7573810904776983,0.8011652923477822,0.8000345553196931,0.8018704102745352
-1.445660084964309,0.8025341633684999,0.8205122673582043,0.7576993465056863,0.8016150748973642,0.80049616884087,0.8023009483620557
-1.3958980728257775,0.8056455446809782,0.8138258005186032,0.7600761902611607,0.8048741772019531,0.8039898029661648,0.8054681096471221
-1.3921872839742915,0.8057951436700987,0.8005462238636386,0.759684051674643,0.8049873963389091,0.8041277358188558,0.8056208577761269
-1.3791451458863762,0.8062282246354606,0.7984201117194709,0.75818277184589,0.8052804767045173,0.8045191855893374,0.8060644999011422
-1.375753056351785,0.8063170655697044,0.8042197869793571,0.7577628738714102,0.8053296472875167,0.8045971873581631,0.8061560106077029
-1.3624435164608268,0.8065699244024994,0.8070125041297089,0.7571491752822711,0.8055014338327854,0.8048894025130371,0.806419463479051
-1.357156526536048,0.8066277627657694,0.8039532876389518,0.7564154464434233,0.8054889885545671,0.8049304793249316,0.8064816167284533
-1.3480636317649974,0.8066701404259247,0.8041376917891866,0.755100381019776,0.805402721065977,0.804944098648301,0.8065329116955381
-1.3264760069268844,0.8064787690675586,0.8123392573790238,0.75419394033055,0.8050724026430016,0.8048409380639452,0.8063559394996999
-1.3204114028115466,0.8063503830336063,0.8192788213046058,0.7545371388824157,0.8049413410051003,0.804770509218016,0.806224184762827
-1.3203207017090985,0.8063482127852808,0.8118215235150045,0.7545238927917579,0.804937902315669,0.8047681220057272,0.8062221292814392
-1.3097308403638286,0.8060439481858536,0.792723226049035,0.7532634863704357,0.8045035815234941,0.8044550068999087,0.8059295551788
-1.2863399002591902,0.805011568212868,0.7825833145205603,0.7507289640459714,0.8032108299786561,0.8034133053562995,0.8049189780677678
-1.2843603309951146,0.8049012504622053,0.7982860274599278,0.7507451011024081,0.8030930393945056,0.8033140711101975,0.8048073849530138
-1.2504894456786553,0.8024520782201956,0.8239604114778682,0.7482068368278382,0.8003754974106109,0.800888734706,0.802369557001759
-1.2403653604864666,0.8015122009974152,0.8322101054696717,0.7464104405721945,0.79932393540114,0.799895395894436,0.8014461304459375
-1.240047001182878,0.8014810823175945,0.8074613551362602,0.746337240474722,0.79928866847877,0.7998615131698358,0.8014156773114848
-1.236985599273016,0.8011769617777704,0.7712454927630404,0.7458472554599047,0.7989558075383293,0.7995429724105204,0.8011158321972083
-1.222329511212784,0.7995982450917541,0.7622568609142778,0.7454280480786037,0.7973633027244275,0.7980139598812682,0.7995423131884517
-1.213400780607764,0.7985364704430356,0.7948160448000066,0.7449845965776808,0.7963108326059812,0.796977612500708,0.7984847386451878
-1.2114651100213025,0.7982962614754744,0.83636489723574,0.7449399686328199,0.7960791173896962,0.7967470281317824,0.798244752299986
-1.187885935001563,0.7950819301644825,0.8371498008044621,0.7423728021449332,0.7929071755994398,0.7935383991621908,0.7950393297949746
-1.1688578007566575,0.7920972042065179,0.7922036598759701,0.741249982089788,0.7901479281728455,0.7906716841559356,0.7920213687550393
-1.153949882263721,0.7895131540334439,0.7441099348955359,0.739737237230522,0.7877364754204317,0.7881612066338051,0.7894011519711724
-1.1431710786416853,0.7875097278568755,0.742799831180456,0.7378511478334715,0.7857930449121432,0.7861568148487723,0.7873881290841493
-1.1016843441823494,0.7787338375946444,0.7832249889340346,0.7277966540671225,0.7770523242611842,0.7772102933595542,0.7786638491815231
-1.0949343654142363,0.7771452904168064,0.8286030867839455,0.7253424444770802,0.7754208576877617,0.7755438341573003,0.7770902442781943
-1.0926963358793245,0.7766086260302477,0.8218419394832222,0.7244657355027659,0.7748662175336398,0.7749779071287632,0.7765588918615607
-1.0881675001245732,0.7755074482880695,0.7658794103365327,0.7226654255647579,0.7737273027176216,0.7738178913019421,0.7754695055925357
-1.0614523782930423,0.7685971171285509,0.7127711687667229,0.7126095023794035,0.7666514215605911,0.766670056104731,0.7686449056704436
-1.042652869422851,0.7633082653170656,0.7195698747162912,0.7053970401699426,0.7612729073731864,0.7612732830677685,0.7634055495763505
-1.015107878361952,0.7549218398011128,0.7697386610102143,0.69748853152386,0.7529871890678315,0.7529863645725327,0.7551082393958362
-0.9648348632135662,0.7376601217441698,0.7958595674156652,0.6777102405943046,0.7356754753159152,0.7357291882639545,0.737936069434258
-0.9563486288296104,0.7344971243998423,0.7749491137516208,0.6731448496510848,0.7324373148522331,0.7325050589840453,0.7347647368353432
-0.9461863028713402,0.7306148428176099,0.7110539695636252,0.6675967049513842,0.7284647500873951,0.7285490634663837,0.730876797927454
-0.9043118265730665,0.7135328152978255,0.6551438247698289,0.6501566773412725,0.7114589546091397,0.7116019520200171,0.7138528793813184
-0.9040456994798518,0.7134186836860906,0.677707342376606,0.6500034256642854,0.7113431073840628,0.7114862519094147,0.7137384201702363
-0.8819236727220292,0.7036864130335796,0.7270751810327559,0.637236172497605,0.7015069077404241,0.7016435717822967,0.7039450205144058
-0.8802034046240141,0.7029093525459882,0.7592464796501202,0.6365156920931974,0.7007396686709384,0.7008765702692139,0.7031671040421689
-0.8695339675907081,0.6980247736879392,0.7279652998141022,0.6314999029990811,0.6958918561026948,0.6960236977500086,0.6982628240931078
-0.8408810382953997,0.684354344433173,0.6584672639528979,0.6183351684081239,0.6823716335854766,0.6824755133752073,0.6845585634149278
-0.8354634026920156,0.6816793973860112,0.6295569426695444,0.6162014434799407,0.6797461257867464,0.6798462343995079,0.6818910078471199
-0.8204273672532829,0.6741059426874926,0.6504847138386884,0.6104252782204109,0.6723259131801541,0.6724147619746406,0.6743323661403925
-0.8027841529325745,0.6649404016655096,0.691669737011943,0.6030818960925675,0.6633378874093837,0.6634048010138156,0.6651261721068285
-0.7840193363786918,0.6548639555117532,0.7008188147096486,0.5928987492064896,0.6533581099674814,0.6533689728768228,0.6549557735082935
-0.7541175419157842,0.6381146883680818,0.6553744278001102,0.5758503036839756,0.6366832093248267,0.6366220767024825,0.6381022333307115
-0.7465398176459841,0.633736160761861,0.6080370025741758,0.5726253839594218,0.6323902110450557,0.6323146775650582,0.6336990359650967
-0.7222007207977965,0.6193103192884903,0.5811482420643502,0.561686706113499,0.6181930107905155,0.6180625007223823,0.6192159838114211
-0.6983850754719918,0.6046655625766229,0.5933131551949732,0.5484268168919294,0.6036077629563829,0.6034313771251782,0.6045508919371583
-0.6718891128705728,0.5877671585584494,0.6104732294087066,0.5322391805131603,0.586630753078372,0.5864583782714338,0.5876755204537522
-0.670697560220963,0.5869924095350769,0.6161608964596073,0.5314140070660047,0.5858421171451125,0.5856739886397208,0.5869046605228344
-0.6498702457626977,0.5732470357888736,0.5795989027373472,0.5195775161024339,0.572112710722274,0.571934767229423,0.5731642530904572
-0.6415300828583115,0.5676357223003881,0.5498428586413471,0.5142255532178797,0.5664490532787585,0.5662905443189049,0.5675718796805137
-0.6414184489510599,0.567560202257902,0.5480926652898682,0.5141462505573071,0.5663720729134901,0.5662141187360165,0.5674967936886653
-0.6315672232957215,0.5608532259215666,0.558216930027252,0.5071769884850021,0.5595402666761335,0.5594303917308182,0.5608274853046565
-0.6290550265412103,0.5591294061550357,0.570263446824048,0.5059107660114552,0.5578370729284712,0.5577202398583122,0.5591020001181656
-0.6070844257576724,0.543822984524166,0.5534126353324635,0.493801371380538,0.5426073374151674,0.5424778680647178,0.543805401501634
-0.5974963438149994,0.537014766208438,0.5374985333211996,0.48779344468191754,0.5357655575124783,0.5356605578522464,0.5370163508297772
-0.5667191076189615,0.5146438223856044,0.5116183913362201,0.469180856183783,0.5133504834163863,0.513337451287755,0.5146862874490603
-0.5542997705188863,0.5053973515473867,0.5053296070260976,0.4609238493181941,0.5040132857915984,0.5040746915930826,0.5054801313895151
-0.5298184231480751,0.48681013853753435,0.48675672760340305,0.4444497786120896,0.4852215526047575,0.4854694592461565,0.4869723238244054
-0.5203029387744917,0.4794588673499954,0.473324517901883,0.4388344516016212,0.47787467261573086,0.47818517906909735,0.47962787245480804
-0.512041636606622,0.4730199643445387,0.4644226198540161,0.43309613481883136,0.4713585396250118,0.4717435185118957,0.4732172791337003
-0.48098952944622253,0.448357342506775,0.4497319921217844,0.41025055460721727,0.44631619638429254,0.4470125311187707,0.44867477988962706
-0.42744268884081027,0.4041922241194528,0.42006158189747633,0.36792262112444846,0.40153361201144366,0.4026644010670903,0.4046112949691652
-0.3861732033541996,0.3688298731860627,0.38479908852412237,0.33535593442328243,0.3660891334319829,0.3673204050850493,0.3692967583746242
-0.3721095606616718,0.3565325038909072,0.3521872790659826,0.32336751195366714,0.3537912251334981,0.35496136293178826,0.3569946807604911
-0.366694914501156,0.3517657576237366,0.3261087462495206,0.3194116218659226,0.349053405316322,0.35024677104788565,0.35223771476576543
-0.3545663740528693,0.3410250669506212,0.31932117295191365,0.3096085663657176,0.3383621482014212,0.33952626626863064,0.3414951533861298
-0.33379794514279526,0.3224351251441493,0.3311732751979418,0.292911874659638,0.319905950730794,0.3210001135418998,0.32291129067151914
-0.3243691951075691,0.3139155092257345,0.3488774713069263,0.2851101733961487,0.31145784621579914,0.3124897516051268,0.3143879494773426
-0.317950107090053,0.30808764493368634,0.33365923958079313,0.2799960376305391,0.30569729202864815,0.3066942771450326,0.3085699371809292
-0.30494465450701824,0.2962128746828737,0.28199575252854536,0.26863858008451147,0.2938982289788206,0.29476302453184827,0.2966615203656457
-0.29672970709849444,0.28866688181592953,0.24539598148320665,0.26195043146953184,0.2864431675997857,0.2872478315480502,0.2891213689984016
-0.28970786191689024,0.28218976875580304,0.2547189614542951,0.2562746928895296,0.2800561923351655,0.28080672159904857,0.2826534613145537
-0.2814978317865253,0.27458570086803324,0.2949450605418258,0.24904886820677827,0.27248869993840236,0.2731604924399317,0.2750201110278311
-0.2758658378338308,0.26935048650307014,0.3194764573375902,0.24447341338820405,0.2673316722895594,0.267956116618359,0.26979099052161
-0.2736075979019743,0.26724708995606605,0.29468087045467545,0.24266325366449634,0.2652655376434719,0.26587005224443977,0.267691614117193
-0.27352342595393164,0.2671686428550214,0.24048430474820146,0.24259570375546366,0.26518849551063794,0.26579225138131224,0.2676133084050584
-0.27111968146410215,0.26492697727551084,0.20977240414037718,0.2406642500020136,0.2629874596480832,0.263569050331465,0.2653753818977634
-0.2560332547405282,0.25079676969296477,0.22517372643118275,0.22815521585687953,0.24907544552669525,0.24950309282838548,0.2512359527575687
-0.2536196168956195,0.24852655268877133,0.2812130496756987,0.22598376671732115,0.2468058972686382,0.2472133118248698,0.24895393700927043
-0.23022993696060912,0.22639622924471284,0.2844897906461127,0.20552909691306784,0.224759834211071,0.22499424000191506,0.22673620401819256
-0.20501945427476365,0.20229415922498417,0.2246133690981155,0.18331093383109537,0.20061722461117976,0.20075706230273008,0.2025298254372798
-0.1687327053918124,0.16719893971099795,0.1293292124502987,0.1520260246420522,0.16591826678015353,0.16566453362223318,0.16732270631875135
-0.1606314923659582,0.15930540958766806,0.10049917823654093,0.14489234137726217,0.15804939832422152,0.15773831027476723,0.15940049132031758
-0.1475889258252181,0.14655684741737363,0.12865595358344692,0.13319126583302848,0.14519574984498584,0.14486476108731505,0.14661840856716676
-0.1386601047738818,0.1378022547687748,0.17958358224686335,0.1253947601958844,0.1365182137880595,0.13609505808789463,0.13782745402352403
-0.13569326308859475,0.13488869055063618,0.19217965421196473,0.12285613603712059,0.13366847654255493,0.1331969967690587,0.13489586115975427
-0.1194306450131104,0.1188797592647736,0.131697844194043,0.1085408322407019,0.1177399385332374,0.11712901545858755,0.11881798239891625
-0.11282515790397252,0.11235992472543838,0.06831677271502727,0.10285183976060747,0.11134317777104975,0.11064266914413551,0.11225202207845997
-0.11086593346035611,0.11042429587943518,0.05674334578964566,0.10116093253656225,0.10944124198711663,0.10871653497199509,0.11030276769653835
-0.09523146775283253,0.09495043594151609,0.08738965570839265,0.08746499713404027,0.09410099150708308,0.09323586029539066,0.09474893149482637
-0.09253101212718828,0.09227303795253863,0.1366508994143066,0.08511944752961911,0.09145873195975783,0.09057002059705661,0.09205516173292269
-0.09001774986081923,0.08978007787308187,0.13801510166672423,0.08292390501672023,0.08899058658273319,0.08808199513393612,0.08954895938764516
-0.06972298722497516,0.06961197523884693,0.07223695222550951,0.06516485979368937,0.06900986165527495,0.0679836755922024,0.06928559595835937
-0.003050341072605711,0.0030503316191054634,-0.039578180558223285,0.006455841441991798,0.0026503737505230575,0.0010419535139591246,0.002690778371445483
0.023486116163757398,-0.023481772513246124,-0.06480198162523723,-0.0164279578829054,-0.0236003263218364,-0.025703641754219075,-0.023859004328530588
0.04402720649253755,-0.04399844600695669,-0.04247675736626943,-0.034639112535468974,-0.04412365248079136,-0.04612370715344097,-0.0444456219517275
0.07212820222332894,-0.07200086495786248,-0.03323069852352683,-0.059026297066710566,-0.07193678204575811,-0.07417272043238168,-0.07251718192280761
0.09542726253565226,-0.095130686969641,-0.061743528260832285,-0.0796424750831039,-0.0952057914454715,-0.09722360709168204,-0.0957125852568595
0.10567061232208808,-0.10526690601907589,-0.10973925563240688,-0.08821160284376638,-0.10525921856416608,-0.10742788776137181,-0.10585574269790232
0.10641835348484996,-0.10600594123952448,-0.13891867904220898,-0.08883382204317694,-0.10599509522550292,-0.10817251634325417,-0.10659487067378509
0.10823716643184422,-0.10780305271970977,-0.1327431732279612,-0.09034529874064856,-0.10778632062402616,-0.10998359696680667,-0.10839202673237831
0.11006773265187997,-0.10961101500355337,-0.1037018283239289,-0.0918636094525527,-0.1095909394275032,-0.11180613026492481,-0.1101998020087195
0.1336122204348551,-0.13279057011139148,-0.10749569845284299,-0.11197891906594813,-0.1330296369666198,-0.13502466349640446,-0.133394396726396
0.1752950840930616,-0.1734208875204046,-0.15691744594234286,-0.1475542326993427,-0.17465165918793732,-0.17563632213181288,-0.17401282717626215
0.17850766688471875,-0.17652700393126042,-0.1821526819438381,-0.15040203930274798,-0.17784893314154007,-0.1787142808329105,-0.1771215582246048
0.18288276306267326,-0.18075063753398007,-0.1970198973187109,-0.15419028310157043,-0.1821967236139579,-0.1829155446512778,-0.18134619982833522
0.20172044259998456,-0.19884638382836817,-0.20743323048114432,-0.16907687423719173,-0.20093003097992237,-0.20114421046929762,-0.1994078413364982
0.24125779524762914,-0.23629464424342642,-0.2327533202841964,-0.20151413331192783,-0.239449499233537,-0.23850900434075653,-0.2368183871607068
0.25617834643189585,-0.2502153324725828,-0.24393497211834567,-0.2125033859738046,-0.25380275292067617,-0.25251070110532653,-0.25071124178645643
0.27670732097245976,-0.26915656851118996,-0.2675047585810599,-0.22827882796236054,-0.27300759001184016,-0.2714457484864467,-0.2696073601601789
0.28733763592863504,-0.27886177185898203,-0.2785696266723067,-0.23525629477357043,-0.2829443785959467,-0.28123273770763646,-0.2792999454759617
0.29242399590847334,-0.28347940690171425,-0.27931540900714885,-0.23852504125768617,-0.28764295238080273,-0.28588703012105354,-0.2839129532311091
0.29630154950269816,-0.28698799891345966,-0.28306926363333623,-0.2409883562484717,-0.29119774403802956,-0.28942236935863114,-0.2874185528564543
0.3059274527813671,-0.29565342313718035,-0.3013469234223089,-0.2471321389159849,-0.2999009203784818,-0.2981401650646646,-0.2960763421301892
0.3161762394547636,-0.3048076754091272,-0.31933291516227363,-0.25339594722881437,-0.30900627877086795,-0.3073531439929484,-0.3052261883003211
0.3262294237772534,-0.31371249768963994,-0.3215578262577031,-0.2610712626028738,-0.31768315250154,-0.31620480482760444,-0.31410136164974856
0.33945281193371457,-0.3253081700667362,-0.31294466330024107,-0.27051753639134474,-0.3289225518060592,-0.32776939719611553,-0.325664596483652
0.3638404130622366,-0.34632499845132153,-0.3220562727052792,-0.2842803628365032,-0.3492288112123743,-0.34889833736864184,-0.34667304570391905
0.3784926854742716,-0.35870860565715174,-0.3487387109080913,-0.2937123062422018,-0.36102957575770084,-0.36127178009276667,-0.3590307351115546
0.37897437625169017,-0.35911248048821237,-0.37901689759685286,-0.29396564946967124,-0.36141555510350154,-0.36167802545494987,-0.3594347672964669
0.40626275332545525,-0.381641499365055,-0.41453968402310054,-0.31076398492477675,-0.3827573825239173,-0.38420458473110397,-0.3819327487968151
0.4099036580081572,-0.38459359434054974,-0.39485903966429087,-0.3125215595704298,-0.3855657928778211,-0.38717692225356626,-0.38489010881499186
0.44607142838206837,-0.4131856284700346,-0.38533946506337735,-0.3350009004690903,-0.4123962708474492,-0.41571412224602877,-0.41343830985378016
0.46048252299281955,-0.42418808705251954,-0.38420048186983596,-0.3453320947979701,-0.42263418200606157,-0.42662544767483473,-0.4244095886403985
0.4904853847788009,-0.44632933093186855,-0.43749240328270267,-0.36155860104058224,-0.44355423668589994,-0.4487850180610112,-0.44653914651214643
0.5042759494136133,-0.4561423310436532,-0.49181983321035416,-0.36601769819185564,-0.453070563133646,-0.45874254585019025,-0.45635579129317233
0.5241146927188733,-0.4698357519236629,-0.5150442170889303,-0.3769278245792182,-0.46623294195832876,-0.47240638775891536,-0.47002633857876697
0.5371632955760264,-0.4785599846816229,-0.4844731576592022,-0.3810238125606471,-0.4747863702871314,-0.48124051089101566,-0.47874109933267317
0.5627290716910283,-0.4949740494105324,-0.45209401802356153,-0.389633586702914,-0.4908651604548047,-0.4977815811334718,-0.49512246993234105
0.5734465610924611,-0.5015776241783229,-0.4532271358342704,-0.3962931786761437,-0.49743339286573274,-0.5042802157784143,-0.501715156975746
0.591912073253523,-0.5125553160650347,-0.5107248257659655,-0.40575798436940647,-0.5085140453702055,-0.5151385453364417,-0.5126835034650794
0.6039496223002807,-0.5194311849637164,-0.5683939919249497,-0.41273411332183985,-0.5156277607965158,-0.5218834369321976,-0.5195715340657436
0.6055129118367963,-0.5203075385729943,-0.5696420894285021,-0.41352621956848296,-0.5165330631599513,-0.5227468225870028,-0.5204499772515141
0.6073014225662847,-0.5213054177819992,-0.5183144298477835,-0.41453770607026846,-0.5175725323470491,-0.5237250894885234,-0.5214513214618632
0.6317121770822558,-0.5344110068798956,-0.4809157625110496,-0.4190314466861716,-0.5306052556967713,-0.5369169702511739,-0.53455395397579
0.6341826851212073,-0.5356829538777771,-0.4874660697150009,-0.41929680792960033,-0.5318543878643331,-0.5381999434015644,-0.535826979035402
0.6440556480506543,-0.5406637880105347,-0.5487404050212186,-0.42037312274230526,-0.5367481368073432,-0.5432140743554349,-0.5408177522884372
0.6501024852331536,-0.5436326070066018,-0.5997687122591917,-0.4224309782671702,-0.5398059154634461,-0.5461461017349425,-0.5438015362477167
0.6559827037566714,-0.5464592128631203,-0.5916435152958062,-0.42526405499205366,-0.5428027016864598,-0.5489058690437317,-0.5466478603251334
0.6686389943682651,-0.5523378069228198,-0.5394075686758955,-0.4263883152039062,-0.5485913586892035,-0.5548034755811948,-0.5525519951900244
0.711408517693219,-0.5700484648733228,-0.5133918356296909,-0.42380589064115876,-0.5657047324546214,-0.572691409086554,-0.5703063633336259
0.7308306947193799,-0.576942077279581,-0.5364012954180866,-0.42257749481042084,-0.5724467775943382,-0.5796085116109022,-0.5772264714215417
0.730973789230347,-0.5769901038294566,-0.5940587514837222,-0.42253447874482325,-0.5724910007591337,-0.5796575943140881,-0.5772745603709457
0.7568761112415463,-0.5850002097576499,-0.6399564716031944,-0.41862464972406954,-0.5801550940006767,-0.5876994248411086,-0.5853221470190205
0.7585070807321861,-0.5854583605220222,-0.6201446574811831,-0.4185909773421818,-0.5806119579085771,-0.5881513579193338,-0.5857832421959547
0.801451502471866,-0.5954724562835462,-0.5754172365784238,-0.40390698455030855,-0.589683302480534,-0.5983368764617818,-0.5957606578127554
0.8218827924035885,-0.5988005162922059,-0.5477305930521396,-0.39446063097603395,-0.592687256458116,-0.6017932407342863,-0.5990283450002628
0.8341588741433696,-0.6003365373899026,-0.5722472016507801,-0.39189935426013855,-0.5943450465198858,-0.6032951806219414,-0.600541669830797
0.8354481666138218,-0.6004773008309561,-0.6220077280632854,-0.39105111771155915,-0.5944626884221553,-0.6034501949465466,-0.6006764531045449
0.8848388467304771,-0.6028307758142808,-0.6479971033165004,-0.37855040648053917,-0.5974877550505375,-0.6056412479228714,-0.60287859825647
0.9305261988676077,-0.5994729607167852,-0.6207278982883129,-0.35650971568823586,-0.5942660835454322,-0.6023651944393345,-0.5992637781644156
0.9925437919121727,-0.5857356195652548,-0.5644984136363288,-0.31207612800460516,-0.581162075110499,-0.588961074133615,-0.5851249898748291
1.0006796217310239,-0.58310609971849,-0.545568640548206,-0.3053746337523145,-0.5787126597080828,-0.5863717499296055,-0.5824506977251215
1.004525626326366,-0.581794007455331,-0.5671036115084476,-0.30439042381299364,-0.5774203506143231,-0.5850179396715685,-0.5811136069330407
1.004884803648363,-0.5816691957378757,-0.6007086523403616,-0.3042973769682876,-0.5772981783006035,-0.5848891613627044,-0.5809865078073346
1.0274802844887114,-0.5730266071424177,-0.6016065116108688,-0.27555175184155545,-0.5697141235353853,-0.5765739061951122,-0.5722649076848355
1.029448996520299,-0.572199047091394,-0.5810699707060025,-0.2725193928754619,-0.5690092713655379,-0.5757849544327142,-0.5714335696081523
1.0620109585835307,-0.5567347734988585,-0.5418023362644212,-0.23436124562574476,-0.5550325448930592,-0.5605440159702739,-0.5558963181230099
1.0678824792748824,-0.5535834878782483,-0.5348142096136944,-0.23195184424917487,-0.5520359700062748,-0.5573064098927867,-0.5527236743514647
1.08561593319999,-0.5433766978402007,-0.5391691187019078,-0.22117960063017642,-0.5424305961054224,-0.546900107197273,-0.5424757167338261
1.0870212150420233,-0.5425231218147712,-0.5515674611312082,-0.21863337948374023,-0.5416457948010385,-0.5460686244036634,-0.5416232979512521
1.1181779960699205,-0.5218750366754222,-0.5305044853872435,-0.1783483701752654,-0.5220366174938915,-0.5254590828125627,-0.5209735327450541
1.148543701380953,-0.498495245762527,-0.4995148475092701,-0.13234408544006707,-0.4989334017972022,-0.502136384776579,-0.4976160573792884
1.165954053261494,-0.4835939870053675,-0.4819650543877833,-0.11577273005900042,-0.48427767986903963,-0.48704992967278565,-0.4827033296482416
1.1807746808371737,-0.47002846713521884,-0.47132985846932873,-0.08510469998705592,-0.4702118675160697,-0.4736151912897095,-0.4691675119762275
1.204688255111984,-0.4463944561053411,-0.4468814504646803,-0.050017253826067073,-0.4461488737601408,-0.44990709785859584,-0.4455515280303102
1.277668260365739,-0.3603603029901089,-0.353410063040082,0.06601356276101654,-0.358306667567436,-0.36367348352469625,-0.35963012701269326
1.3084585662386425,-0.31747349916556455,-0.3069679523476872,0.11600714572820005,-0.31495442952206837,-0.32068661868531345,-0.3168259464314444
1.317273636486445,-0.3044454835687686,-0.3042123489858607,0.13694796477061527,-0.3017215913784594,-0.3077721175685431,-0.30383246060805047
1.331665446648751,-0.2824442942664861,-0.2986873645725289,0.15268405454507963,-0.2798211447816819,-0.28556425661634366,-0.281871951130089
1.3701857905965467,-0.21899728863480744,-0.23751650700026133,0.21081902366056954,-0.21592483318691427,-0.22194302678494382,-0.2185759278249121
1.3791953236378784,-0.20317887541173035,-0.20145066635825973,0.2360203933209153,-0.20048270900759171,-0.20631289312312656,-0.20280530673780164
1.4103330276070327,-0.1455740179377102,-0.1198320644516088,0.30023238930938784,-0.14382910304249394,-0.1489043105177414,-0.14534634274747146
1.441419581713844,-0.08341191403916998,-0.05844966133931687,0.3886047517910858,-0.08576791128041851,-0.0873069352109499,-0.08331097370617832
1.446452387143402,-0.07290105958154292,-0.0781169179866449,0.4058750116000793,-0.07627937391815004,-0.07692081511082072,-0.07281434951970508
1.459681453772896,-0.04466878370022348,-0.07958356499117344,0.45269716996259884,-0.05067646429864458,-0.04899876250142103,-0.04461137635145841
1.460939125315686,-0.04193894890033584,-0.07150121587741881,0.45724765466046297,-0.048182508242535796,-0.0462967990517501,-0.04188381400620793
1.4613069481856789,-0.0411390610827696,-0.031206103117201105,0.45858153067295365,-0.04745093221896639,-0.04550500471266679,-0.041084576226121154
1.4680003642928892,-0.026463414361978466,0.016776248876175757,0.4830832671033921,-0.03395740566148272,-0.03097195502117221,-0.02641969251867015
1.5338670443390416,0.1303525243441181,0.16252406920154638,0.7389172162655917,0.1201351171742402,0.12489055984323365,0.1303470610379562
1.589305289690989,0.28050942033578596,0.2650220695468968,0.9617546772456314,0.27925232468744515,0.27474881807937707,0.2804731726674669
1.5961066190382027,0.30012083466651973,0.24988177413615692,0.9891700630526167,0.30044494305258374,0.29435009269224177,0.30007889610483807
1.5964979646390072,0.301257329724788,0.2684817441379292,0.9907476322568894,0.3016749482914456,0.29548617294895346,0.30121504594093534
1.6311456372678377,0.40539804651484,0.42681648139949196,1.1304275877154648,0.41502761648178255,0.39966191982701993,0.4053170826118
1.6500219477300107,0.4651128578977052,0.520623915097947,1.2065271802363922,0.48038914827492435,0.4594547599887267,0.4650038618632002
1.6534919126720116,0.4763224649768567,0.5078152105053951,1.2205171218213793,0.49267424693764866,0.4706831768494345,0.4762077741472278
1.6925483472137284,0.6075623135407179,0.5803336143195076,1.378045244758287,0.6366145889888731,0.6022285617332171,0.607371599179311
1.7006972093156847,0.6361360511547824,0.5773803680094443,1.4109369987684361,0.6679405630166266,0.6308873614219848,0.6359266876036592
1.745417603735584,0.8004652145646945,0.7719002074283682,1.5917059770747333,0.8476557172548682,0.7958094128393985,0.8001380008565855
1.7770508015608746,0.9245704927847285,0.9569883175263,1.7199321947566872,0.9826487941865728,0.9204573013647502,0.9241473207138942
1.8021650084629472,1.0278744353170568,1.0876689690094152,1.8219992995452197,1.0944167536668046,1.0242597634791335,1.027370428003582
1.804929743102277,1.0395092711019354,1.0638497745844535,1.833251332662493,1.106968251594052,1.0359529442064224,1.0389962051087096
1.823365279895059,1.1184393636373664,1.0819223001406353,1.9083664739308324,1.1919138223233576,1.1152887119283257,1.1178654115220463
1.835991287397369,1.1738613751628395,1.1152789975834507,1.9599001857728022,1.2513439793311714,1.171004462196563,1.1732454651957276
1.8775030398044468,1.3640532149059383,1.344804237417862,2.1298864280384517,1.4539021033675221,1.3622431016028476,1.3633013366488052
1.8803574102260416,1.377587190995419,1.4167087806514542,2.1416076620232265,1.4682332666210292,1.3758531477446427,1.3768262491336964
1.911141770040067,1.5273567601565479,1.5825667400781405,2.2683064984100008,1.6260884416840942,1.5264709123458886,1.526502326236564
1.913153425743495,1.5373884376436309,1.551160264756801,2.276604507362824,1.6366135634615522,1.5365595988649254,1.5365282234152007
1.948850259943332,1.7204834042050978,1.6805647531404333,2.4242514568814886,1.8276632180558574,1.7206904465395758,1.7195294804214103
1.9570989401676222,1.7641773208684093,1.7142793677769417,2.4584796249575485,1.8729635617649614,1.764628695850325,1.7632045090321822
1.9628497417384034,1.794951322718976,1.7865425733301303,2.482368029297746,1.9048022838109164,1.7955737564910428,1.7939660540329123
1.9858768653113463,1.9207639414382784,1.9594735716086276,2.5782336225991127,2.03440059739336,1.9220747834966834,1.919735344363195
1.993112938234419,1.9611627166637444,2.0041447639672474,2.608430299580964,2.0758238412930474,1.9626902259094188,1.960122898065192
2.0129648804829046,2.074142190170469,2.077785413301731,2.6914551719137836,2.1911834343550796,2.0762620578520856,2.073078214062394
2.0158298827116115,2.090708981412644,2.0552844516044106,2.703459493614485,2.2080398221232183,2.0929138673196435,2.0896423724884534
2.044406293067805,2.259611225819307,2.2247203618046165,2.823510817294713,2.3790441969719267,2.2626522473698127,2.258531410779216
2.055474872062266,2.3268389650840025,2.3269298177766164,2.870168711480262,2.4466849945569398,2.330195814697702,2.3257609549050113
2.062734748067781,2.3714876928797923,2.4016155982118486,2.900820687077503,2.491477284356216,2.3750484902963866,2.3704131558346484
2.064959075063557,2.385255741504849,2.4113732223525073,2.910219896740889,2.5052687295849925,2.388878463287375,2.3841826453327455
2.077171807933386,2.4615914148058327,2.459152288970521,2.961892988298891,2.581557293540605,2.4655489384855955,2.4605294949684207
2.077883558534552,2.4660790558806847,2.44306321979784,2.9649079590139036,2.586032901916767,2.470055802191675,2.46501796187699
2.0863070651133437,2.5195165243001574,2.5023296414832044,3.0006194368451795,2.639248778421252,2.523718129570852,2.518466713401388
2.1697277516042135,3.0819792209781447,3.0851305723733207,3.357366189322112,3.1909845588772354,3.0880463206982305,3.08121497342623
2.2121332984865614,3.391805702958142,3.40620983094623,3.540988451383956,3.4887534825372257,3.398462875217761,3.391332908641295
2.2339057457173155,3.5573603605036785,3.5659817345544864,3.63589476666485,3.6461943095143803,3.564193656802804,3.557083250270157
2.26060618562615,3.7665143196609723,3.7644154227607873,3.7528804147811914,3.8435047053235434,3.773425777436235,3.766524521279515
2.3051645989303724,4.130909071121589,4.126200545969733,3.949612781912638,4.183205271864325,4.137558847902533,4.13152735695034
2.316699979886974,4.228431702877192,4.227525424600675,4.000855618863299,4.273278359750614,4.2349236378157284,4.229236019722691
2.357271591628195,4.5820719219733,4.581355937035346,4.182123784927001,4.59706406578796,4.587673709709576,4.583633865220041
2.375738337015915,4.748608542165831,4.743026784613596,4.265172785609194,4.748051363027169,4.753616485440392,4.750572595314821
2.3779260008176637,4.768571345931421,4.763029562053578,4.275033850831193,4.766088087108454,4.773500532804907,4.770585557768331
2.3850241292747265,4.833686421663542,4.838846163007691,4.307062373183458,4.8248293564163,4.838347414924267,4.835867162192634
2.38856103925981,4.866329007919719,4.882264430269077,4.323040730134432,4.854224461510817,4.870849033564635,4.868594914401328
2.393042726783621,4.907879454321002,4.9182813801817336,4.343305325682851,4.891591108604353,4.91221373467093,4.9102553970251295
2.3957772582289767,4.933335420351572,4.922359425443816,4.355679849497146,4.914456278962767,4.937552409013942,4.93577967932099
2.414358242854102,5.108399897607612,5.082586588293238,4.439963592398135,5.071142869827847,5.111738171705514,5.111332591903543
2.4310124657343115,5.2684368215665,5.254967287520576,4.515802817657844,5.2135386389212846,5.2708613751327755,5.271844568599889
2.436331263621712,5.320175165334742,5.337977511766619,4.540082007072686,5.259405303815614,5.322281704065447,5.323742350616728
2.446193836537388,5.416922791107811,5.451625963972468,4.585177566897764,5.344955710175845,5.418404963834294,5.420795827703559
2.446493555722318,5.419879438427815,5.434548387285189,4.586549523598143,5.347565735001652,5.421341920515807,5.423761980507363
2.4471007771740254,5.425872506643952,5.400678122042717,4.589329338798514,5.3528554039298015,5.427294965195254,5.429774345042432
2.470707117363313,5.6619843329201,5.6198316334714224,4.697681182723796,5.560410157394737,5.66171159288084,5.666677267887284
2.483981325884951,5.797451606584383,5.7833941579584085,4.758849955721527,5.678762111876479,5.7961019459303085,5.802625735558803
2.485278706369006,5.810796782852865,5.843452081900143,4.764837614108207,5.690392895552023,5.8093369157307135,5.816019398675697
2.4877427308777342,5.836194017482921,5.883992586619775,4.776214049943914,5.712513543174339,5.834522376696181,5.841509447079194
2.499381412062723,5.957074419958583,5.968894698704384,4.830029080795417,5.817550310898139,5.954358172245591,5.962841299609661
