x,y,z_true,z_smooth
-2,-2,-0.9513631281258474,-1.0383459354851168
-2,-1.8333333333333333,-0.9096083611898426,-0.9618081330587579
-2,-1.6666666666666667,-0.8586449894341349,-0.8912432270001006
-2,-1.5,-0.8011436155469337,-0.8170997288387986
-2,-1.3333333333333335,-0.7398884481811925,-0.7511322302963789
-2,-1.1666666666666665,-0.6776858134882473,-0.6985598540942358
-2,-1,-0.6172728764571667,-0.6400279082618242
-2,-0.8333333333333333,-0.5612293127757414,-0.5866609538112316
-2,-0.6666666666666667,-0.5118945753122262,-0.5510479028197586
-2,-0.5,-0.4712932259118798,-0.5160305899146801
-2,-0.33333333333333326,-0.4410705581307252,-0.4858651405762008
-2,-0.16666666666666674,-0.4224404269606366,-0.47221163702140423
-2,0,-0.4161468365471424,-0.46901784898288323
-2,0.16666666666666652,-0.4224404269606366,-0.4721961615521527
-2,0.3333333333333335,-0.4410705581307256,-0.48577037644293813
-2,0.5,-0.4712932259118798,-0.5158553883211466
-2,0.6666666666666665,-0.5118945753122262,-0.5508990274353146
-2,0.8333333333333335,-0.5612293127757414,-0.5865866214709536
-2,1,-0.6172728764571667,-0.6398893112494332
-2,1.1666666666666665,-0.6776858134882473,-0.7003242924766577
-2,1.3333333333333335,-0.7398884481811925,-0.7572230937795191
-2,1.5,-0.8011436155469337,-0.827278355360866
-2,1.6666666666666665,-0.8586449894341347,-0.905923691898932
-2,1.8333333333333335,-0.9096083611898426,-0.9823966113185674
-2,2,-0.9513631281258474,-1.0640955936925436
-1.8333333333333333,-2,-0.9096083611898426,-0.9612414920132647
-1.8333333333333333,-1.8333333333333333,-0.853115767612191,-0.8772409887801453
-1.8333333333333333,-1.6666666666666667,-0.7875861211768984,-0.7974141654890409
-1.8333333333333333,-1.5,-0.7159487285832418,-0.7160892760321865
-1.8333333333333333,-1.3333333333333335,-0.6412417470186269,-0.641319776257284
-1.8333333333333333,-1.1666666666666665,-0.5665154696014444,-0.5765308189710378
-1.8333333333333333,-1,-0.49473599814481595,-0.5091082035041892
-1.8333333333333333,-0.8333333333333333,-0.4286921557449603,-0.44717109991311477
-1.8333333333333333,-0.6666666666666667,-0.3709083889947646,-0.4003339513672641
-1.8333333333333333,-0.5,-0.32356622768613696,-0.3582254668669871
-1.8333333333333333,-0.33333333333333326,-0.2884366140089744,-0.32438791191491895
-1.8333333333333333,-0.16666666666666674,-0.2668250908970347,-0.30680067412557444
-1.8333333333333333,0,-0.25953145961883317,-0.30174814566712316
-1.8333333333333333,0.16666666666666652,-0.2668250908970347,-0.30681172963399744
-1.8333333333333333,0.3333333333333335,-0.2884366140089744,-0.32445111472964777
-1.8333333333333333,0.5,-0.32356622768613696,-0.35826812153577
-1.8333333333333333,0.6666666666666665,-0.3709083889947644,-0.40036469434510663
-1.8333333333333333,0.8333333333333335,-0.4286921557449603,-0.44725023306618317
-1.8333333333333333,1,-0.49473599814481595,-0.5091377417043699
-1.8333333333333333,1.1666666666666665,-0.5665154696014444,-0.5779428895004125
-1.8333333333333333,1.3333333333333335,-0.6412417470186269,-0.6459521312609524
-1.8333333333333333,1.5,-0.7159487285832418,-0.7239346493402026
-1.8333333333333333,1.6666666666666665,-0.7875861211768981,-0.8088627695899809
-1.8333333333333333,1.8333333333333335,-0.853115767612191,-0.8933364718595297
-1.8333333333333333,2,-0.9096083611898426,-0.9815664194991953
-1.6666666666666667,-2,-0.8586449894341349,-0.8900352195774428
-1.6666666666666667,-1.8333333333333333,-0.7875861211768984,-0.7969018338092536
-1.6666666666666667,-1.6666666666666667,-0.7076921035197548,-0.7067478449554293
-1.6666666666666667,-1.5,-0.6221409373829588,-0.6162807691123167
-1.6666666666666667,-1.3333333333333335,-0.5342146243131501,-0.5315914337017286
-1.6666666666666667,-1.1666666666666665,-0.4471974958811053,-0.4549879127340223
-1.6666666666666667,-1,-0.36427510173852784,-0.3775035921883618
-1.6666666666666667,-0.8333333333333333,-0.2884366140089744,-0.3059442457509325
-1.6666666666666667,-0.6666666666666667,-0.22238359722242435,-0.2487442475637062
-1.6666666666666667,-0.5,-0.16844780301459422,-0.19937988428952713
-1.6666666666666667,-0.33333333333333326,-0.1285203827975119,-0.1611105274475446
-1.6666666666666667,-0.16666666666666674,-0.10399457721554733,-0.13991022519631768
-1.6666666666666667,0,-0.09572354801437566,-0.1333272791578055
-1.6666666666666667,0.16666666666666652,-0.10399457721554733,-0.13996080287326143
-1.6666666666666667,0.3333333333333335,-0.1285203827975119,-0.1614181133911789
-1.6666666666666667,0.5,-0.16844780301459422,-0.19975981759437714
-1.6666666666666667,0.6666666666666665,-0.22238359722242415,-0.2490571808198052
-1.6666666666666667,0.8333333333333335,-0.2884366140089746,-0.3062750388303939
-1.6666666666666667,1,-0.36427510173852784,-0.3778143541479343
-1.6666666666666667,1.1666666666666665,-0.4471974958811053,-0.4561077185914121
-1.6666666666666667,1.3333333333333335,-0.5342146243131501,-0.5346432867678437
-1.6666666666666667,1.5,-0.6221409373829588,-0.6214053653810651
-1.6666666666666667,1.6666666666666665,-0.7076921035197548,-0.7144654723823469
-1.6666666666666667,1.8333333333333335,-0.7875861211768984,-0.8080664899840003
-1.6666666666666667,2,-0.8586449894341349,-0.9044497712814212
-1.5,-2,-0.8011436155469337,-0.8157381768784076
-1.5,-1.8333333333333333,-0.7159487285832418,-0.715392374479824
-1.5,-1.6666666666666667,-0.6221409373829588,-0.6159386387752777
-1.5,-1.5,-0.5231338942888556,-0.5186532954460362
-1.5,-1.3333333333333335,-0.422440426960637,-0.4247957914183184
-1.5,-1.1666666666666665,-0.32356622768613696,-0.3346198472472245
-1.5,-1,-0.22990426425114874,-0.24789319905734553
-1.5,-0.8333333333333333,-0.1446329678123653,-0.1686701400276245
-1.5,-0.6666666666666667,-0.07062113936525041,-0.10116166202224217
-1.5,-0.5,-0.010342318905209227,-0.04537054919364474
-1.5,-0.33333333333333326,0.03419891408883562,-0.00385830989053337
-1.5,-0.16666666666666674,0.061526585801491916,0.02095083450694142
-1.5,0,0.0707372016677029,0.029260030299158905
-1.5,0.16666666666666652,0.061526585801491916,0.020878271815229055
-1.5,0.3333333333333335,0.03419891408883562,-0.004297429273228015
-1.5,0.5,-0.010342318905209227,-0.04593190065206772
-1.5,0.6666666666666665,-0.07062113936525019,-0.10163144622366495
-1.5,0.8333333333333335,-0.1446329678123655,-0.16914967882259396
-1.5,1,-0.22990426425114874,-0.24837238953300864
-1.5,1.1666666666666665,-0.32356622768613696,-0.33539263531627994
-1.5,1.3333333333333335,-0.422440426960637,-0.42642670317367676
-1.5,1.5,-0.5231338942888556,-0.5215452292491992
-1.5,1.6666666666666665,-0.6221409373829585,-0.6207002776641334
-1.5,1.8333333333333335,-0.7159487285832418,-0.7226002930869261
-1.5,2,-0.8011436155469337,-0.8254504824823171
-1.3333333333333335,-2,-0.7398884481811925,-0.7497209199599175
-1.3333333333333335,-1.8333333333333333,-0.6412417470186269,-0.6406563323057886
-1.3333333333333335,-1.6666666666666667,-0.5342146243131501,-0.5314216151410942
-1.3333333333333335,-1.5,-0.422440426960637,-0.4247856216318332
-1.3333333333333335,-1.3333333333333335,-0.3096469929082426,-0.32011766990952545
-1.3333333333333335,-1.1666666666666665,-0.1995460598898562,-0.21764469032398776
-1.3333333333333335,-1,-0.09572354801437566,-0.12142195436866556
-1.3333333333333335,-0.8333333333333333,-0.0015338612797431421,-0.03500403581995279
-1.3333333333333335,-0.6666666666666667,0.07999876573004,0.03959892411837142
-1.3333333333333335,-0.5,0.14626905409775054,0.1006483028117852
-1.3333333333333335,-0.33333333333333326,0.19516706205392367,0.1464054776257666
-1.3333333333333335,-0.16666666666666674,0.22513997980616401,0.17513182592579365
-1.3333333333333335,0,0.2352375733029892,0.1850887250773445
-1.3333333333333335,0.16666666666666652,0.22513997980616401,0.1750593087490925
-1.3333333333333335,0.3333333333333335,0.19516706205392367,0.14618594856506126
-1.3333333333333335,0.5,0.14626905409775054,0.10026887882375402
-1.3333333333333335,0.6666666666666665,0.07999876573004022,0.039108333823673846
-1.3333333333333335,0.8333333333333335,-0.0015338612797431421,-0.03549545213667619
-1.3333333333333335,1,-0.09572354801437566,-0.12174224475879267
-1.3333333333333335,1.1666666666666665,-0.1995460598898562,-0.21698293518563158
-1.3333333333333335,1.3333333333333335,-0.3096469929082426,-0.3186509207455617
-1.3333333333333335,1.5,-0.422440426960637,-0.42506972641819835
-1.3333333333333335,1.6666666666666665,-0.5342146243131501,-0.5345628771831576
-1.3333333333333335,1.8333333333333335,-0.6412417470186269,-0.6454538980200554
-1.3333333333333335,2,-0.7398884481811925,-0.7560663139085068
-1.1666666666666665,-2,-0.6776858134882473,-0.6969290634416757
-1.1666666666666665,-1.8333333333333333,-0.5665154696014444,-0.5760037539239641
-1.1666666666666665,-1.6666666666666667,-0.4471974958811053,-0.45553444953945443
-1.1666666666666665,-1.5,-0.32356622768613696,-0.3351555112614362
-1.1666666666666665,-1.3333333333333335,-0.1995460598898562,-0.21769531305773612
-1.1666666666666665,-1.1666666666666665,-0.07903697518835123,-0.10591296628576205
-1.1666666666666665,-1,0.034198914088835845,0.0006610619968228648
-1.1666666666666665,-0.8333333333333333,0.13664658478973565,0.09777617229976002
-1.1666666666666665,-0.6666666666666667,0.22513997980616424,0.1800250794210771
-1.1666666666666665,-0.5,0.29695365104922516,0.24614228773554198
-1.1666666666666665,-0.33333333333333326,0.3498815685624632,0.2948623016179224
-1.1666666666666665,-0.16666666666666674,0.3823008608937767,0.3249196254429862
-1.1666666666666665,0,0.393218679776358,0.3350487635855013
-1.1666666666666665,0.16666666666666652,0.3823008608937767,0.32446308100941346
-1.1666666666666665,0.3333333333333335,0.3498815685624632,0.29408591508831183
-1.1666666666666665,0.5,0.29695365104922516,0.24521672881142875
-1.1666666666666665,0.6666666666666665,0.22513997980616446,0.1791549851679964
-1.1666666666666665,0.8333333333333335,0.13664658478973546,0.09720014714724706
-1.1666666666666665,1,0.034198914088835845,0.0006516777384132956
-1.1666666666666665,1.1666666666666665,-0.07903697518835123,-0.10604737719791682
-1.1666666666666665,1.3333333333333335,-0.1995460598898562,-0.2184863251963622
-1.1666666666666665,1.5,-0.32356622768613696,-0.3354142333605004
-1.1666666666666665,1.6666666666666665,-0.4471974958811049,-0.45558016879390983
-1.1666666666666665,1.8333333333333335,-0.5665154696014447,-0.5777331986001688
-1.1666666666666665,2,-0.6776858134882473,-0.7006223898828546
-1,-2,-0.6172728764571667,-0.6387362538883561
-1,-1.8333333333333333,-0.49473599814481595,-0.5090858333524183
-1,-1.6666666666666667,-0.36427510173852784,-0.3788254262874711
-1,-1.5,-0.22990426425114874,-0.2490905471915547
-1,-1.3333333333333335,-0.09572354801437566,-0.1218074447214287
-1,-1.1666666666666665,0.034198914088835845,0.0004379282412560054
-1,-1,0.15594369476537437,0.11552050086112016
-1,-0.8333333333333333,0.2658524125956592,0.21913334437844123
-1,-0.6666666666666667,0.3606324665215318,0.30734356719587375
-1,-0.5,0.4374512107325989,0.3785871542216058
-1,-0.33333333333333326,0.4940169150382271,0.43130009036382544
-1,-0.16666666666666674,0.5286442290753179,0.46391836053072066
-1,0,0.5403023058681398,0.4748779496304796
-1,0.16666666666666652,0.528644229075318,0.46325033597503584
-1,0.3333333333333335,0.4940169150382271,0.430207420753824
-1,0.5,0.4374512107325989,0.377335823191283
-1,0.6666666666666665,0.360632466521532,0.30622216251185164
-1,0.8333333333333335,0.265852412595659,0.21845305793996878
-1,1,0.15594369476537437,0.11561512870007372
-1,1.1666666666666665,0.034198914088835845,0.0013556398728680613
-1,1.3333333333333335,-0.09572354801437566,-0.12037471980129988
-1,1.5,-0.22990426425114874,-0.24753419560852044
-1,1.6666666666666665,-0.3642751017385276,-0.3780810328348849
-1,1.8333333333333335,-0.49473599814481595,-0.5099734767664844
-1,2,-0.6172728764571667,-0.6411697726894092
-0.8333333333333333,-2,-0.5612293127757414,-0.5864676763514673
-0.8333333333333333,-1.8333333333333333,-0.4286921557449603,-0.4478091951619228
-0.8333333333333333,-1.6666666666666667,-0.2884366140089744,-0.30743591267676645
-0.8333333333333333,-1.5,-0.1446329678123653,-0.17000458304083982
-0.8333333333333333,-1.3333333333333335,-0.0015338612797431421,-0.035707028145010575
-0.8333333333333333,-1.1666666666666665,0.13664658478973565,0.09717655837300142
-0.8333333333333333,-1,0.2658524125956592,0.21869093646050328
-0.8333333333333333,-0.8333333333333333,0.3823008608937767,0.32676988865563256
-0.8333333333333333,-0.6666666666666667,0.4825895645819799,0.4196715943782665
-0.8333333333333333,-0.5,0.5637929133385202,0.49535117167950143
-0.8333333333333333,-0.33333333333333326,0.6235448671818156,0.5518127484194514
-0.8333333333333333,-0.16666666666666674,0.6601059071097941,0.5870604524582308
-0.8333333333333333,0,0.6724122440830568,0.5990984116559537
-0.8333333333333333,0.16666666666666652,0.6601059071097941,0.5871540791229142
-0.8333333333333333,0.3333333333333335,0.6235448671818155,0.5525964417102407
-0.8333333333333333,0.5,0.5637929133385202,0.4976374279588441
-0.8333333333333333,0.6666666666666665,0.48258956458198005,0.42145370270265814
-0.8333333333333333,0.8333333333333335,0.38230086089377646,0.32629692854908426
-0.8333333333333333,1,0.2658524125956592,0.21873946951040646
-0.8333333333333333,1.1666666666666665,0.13664658478973565,0.09758175926996963
-0.8333333333333333,1.3333333333333335,-0.0015338612797431421,-0.034992403203632436
-0.8333333333333333,1.5,-0.1446329678123653,-0.1673356059702413
-0.8333333333333333,1.6666666666666665,-0.2884366140089742,-0.3020813235472878
-0.8333333333333333,1.8333333333333335,-0.42869215574496067,-0.44336102685253664
-0.8333333333333333,2,-0.5612293127757414,-0.5817742985463303
-0.6666666666666667,-2,-0.5118945753122262,-0.5517104638637466
-0.6666666666666667,-1.8333333333333333,-0.3709083889947646,-0.40114525953178076
-0.6666666666666667,-1.6666666666666667,-0.22238359722242435,-0.24970697446622211
-0.6666666666666667,-1.5,-0.07062113936525041,-0.10201562738325629
-0.6666666666666667,-1.3333333333333335,0.07999876573004,0.03894470731322402
-0.6666666666666667,-1.1666666666666665,0.22513997980616424,0.1792891261208111
-0.6666666666666667,-1,0.3606324665215318,0.3065797170165455
-0.6666666666666667,-0.8333333333333333,0.4825895645819799,0.4216219005998238
-0.6666666666666667,-0.6666666666666667,0.5875172368074648,0.5191972170545832
-0.6666666666666667,-0.5,0.6724122440830567,0.5978641758052429
-0.6666666666666667,-0.33333333333333326,0.734846502927666,0.6560366274501832
-0.6666666666666667,-0.16666666666666674,0.7730352715283837,0.6921284225877843
-0.6666666666666667,0,0.7858872607769479,0.7045534118164265
-0.6666666666666667,0.16666666666666652,0.7730352715283837,0.6921037869672777
-0.6666666666666667,0.3333333333333335,0.7348465029276658,0.6558187330578833
-0.6666666666666667,0.5,0.6724122440830567,0.5986717291350334
-0.6666666666666667,0.6666666666666665,0.5875172368074649,0.5190664773158835
-0.6666666666666667,0.8333333333333335,0.48258956458197966,0.4190570752638833
-0.6666666666666667,1,0.3606324665215318,0.3066833874221365
-0.6666666666666667,1.1666666666666665,0.22513997980616424,0.17953340522295969
-0.6666666666666667,1.3333333333333335,0.07999876573004,0.03925047756307106
-0.6666666666666667,1.5,-0.07062113936525041,-0.10004249491782254
-0.6666666666666667,1.6666666666666665,-0.22238359722242415,-0.24180034081006418
-0.6666666666666667,1.8333333333333335,-0.3709083889947648,-0.39132933889268356
-0.6666666666666667,2,-0.5118945753122262,-0.5372837638090037
-0.5,-2,-0.4712932259118798,-0.5162311849617095
-0.5,-1.8333333333333333,-0.32356622768613696,-0.3583424138928561
-0.5,-1.6666666666666667,-0.16844780301459422,-0.199486443673839
-0.5,-1.5,-0.010342318905209227,-0.04550749550848267
-0.5,-1.3333333333333335,0.14626905409775054,0.10025663862396833
-0.5,-1.1666666666666665,0.29695365104922516,0.24546469020159312
-0.5,-1,0.4374512107325989,0.3776606543291938
-0.5,-0.8333333333333333,0.5637929133385202,0.4976306598270416
-0.5,-0.6666666666666667,0.6724122440830567,0.5985607323256159
-0.5,-0.5,0.7602445970756301,0.6799259364319759
-0.5,-0.33333333333333326,0.8248128474149551,0.7401092837548442
-0.5,-0.16666666666666674,0.8642965101856617,0.7774937859029429
-0.5,0,0.8775825618903728,0.7904624544849944
-0.5,0.16666666666666652,0.8642965101856618,0.7769296744599853
-0.5,0.3333333333333335,0.824812847414955,0.739539893570043
-0.5,0.5,0.7602445970756301,0.6801628409824823
-0.5,0.6666666666666665,0.6724122440830568,0.597845765619476
-0.5,0.8333333333333335,0.5637929133385201,0.49475224627723047
-0.5,1,0.4374512107325989,0.3778536219794909
-0.5,1.1666666666666665,0.29695365104922516,0.24552022009060404
-0.5,1.3333333333333335,0.14626905409775054,0.10005660342232517
-0.5,1.5,-0.010342318905209227,-0.04566453583048666
-0.5,1.6666666666666665,-0.168447803014594,-0.19487876196978618
-0.5,1.8333333333333335,-0.3235662276861372,-0.3519573646213082
-0.5,2,-0.4712932259118798,-0.5057312395758632
-0.33333333333333326,-2,-0.4410705581307252,-0.4853433165214816
-0.33333333333333326,-1.8333333333333333,-0.2884366140089744,-0.3236976364290011
-0.33333333333333326,-1.6666666666666667,-0.1285203827975119,-0.1603773934348684
-0.33333333333333326,-1.5,0.03419891408883562,-0.0033322032951749424
-0.33333333333333326,-1.3333333333333335,0.19516706205392367,0.1463376427579154
-0.33333333333333326,-1.1666666666666665,0.3498815685624632,0.29439230933225524
-0.33333333333333326,-1,0.4940169150382271,0.43040756019839466
-0.33333333333333326,-0.8333333333333333,0.6235448671818156,0.5524712203776525
-0.33333333333333326,-0.6666666666666667,0.734846502927666,0.6555969931576335
-0.33333333333333326,-0.5,0.8248128474149551,0.7392819943591501
-0.33333333333333326,-0.33333333333333326,0.8909313208119538,0.801550142335221
-0.33333333333333326,-0.16666666666666674,0.931355598825622,0.8404253554388653
-0.33333333333333326,0,0.9449569463147377,0.8539315520231016
-0.33333333333333326,0.16666666666666652,0.931355598825622,0.8397936981902407
-0.33333333333333326,0.3333333333333335,0.8909313208119537,0.8017757597478556
-0.33333333333333326,0.5,0.8248128474149551,0.7404252728030256
-0.33333333333333326,0.6666666666666665,0.7348465029276661,0.6561383055079146
-0.33333333333333326,0.8333333333333335,0.6235448671818155,0.551338541868677
-0.33333333333333326,1,0.4940169150382271,0.43065691272669643
-0.33333333333333326,1.1666666666666665,0.3498815685624632,0.2942751521230551
-0.33333333333333326,1.3333333333333335,0.19516706205392367,0.14573881682844653
-0.33333333333333326,1.5,0.03419891408883562,-0.00527542822132783
-0.33333333333333326,1.6666666666666665,-0.12852038279751168,-0.16121606904388572
-0.33333333333333326,1.8333333333333335,-0.2884366140089746,-0.3244478204031285
-0.33333333333333326,2,-0.4410705581307252,-0.4851683604826796
-0.16666666666666674,-2,-0.4224404269606366,-0.47210814763456055
-0.16666666666666674,-1.8333333333333333,-0.2668250908970347,-0.3061021386521858
-0.16666666666666674,-1.6666666666666667,-0.10399457721554733,-0.13867796395064264
-0.16666666666666674,-1.5,0.061526585801491916,0.021873089352863737
-0.16666666666666674,-1.3333333333333335,0.22513997980616401,0.17529659668575823
-0.16666666666666674,-1.1666666666666665,0.3823008608937767,0.3247610422297053
-0.16666666666666674,-1,0.5286442290753179,0.4632942464240947
-0.16666666666666674,-0.8333333333333333,0.6601059071097941,0.5867288425160404
-0.16666666666666674,-0.6666666666666667,0.7730352715283837,0.691553588791834
-0.16666666666666674,-0.5,0.8642965101856617,0.7764544023209443
-0.16666666666666674,-0.33333333333333326,0.931355598825622,0.8395019406609806
-0.16666666666666674,-0.16666666666666674,0.972350585131709,0.8787668613695523
-0.16666666666666674,0,0.986143231562925,0.8923198220042688
-0.16666666666666674,0.16666666666666652,0.972350585131709,0.8788578147472471
-0.16666666666666674,0.3333333333333335,0.9313555988256219,0.8405421680924576
-0.16666666666666674,0.5,0.8642965101856617,0.7777735338984983
-0.16666666666666674,0.6666666666666665,0.7730352715283838,0.6922908348756786
-0.16666666666666674,0.8333333333333335,0.660105907109794,0.5867720623177741
-0.16666666666666674,1,0.5286442290753179,0.4634999992079798
-0.16666666666666674,1.1666666666666665,0.3823008608937767,0.32453114957046547
-0.16666666666666674,1.3333333333333335,0.22513997980616401,0.17460996023575187
-0.16666666666666674,1.5,0.061526585801491916,0.02005112839655973
-0.16666666666666674,1.6666666666666665,-0.10399457721554711,-0.1407117440497946
-0.16666666666666674,1.8333333333333335,-0.26682509089703516,-0.3080034226028625
-0.16666666666666674,2,-0.4224404269606366,-0.4736467611652242
0,-2,-0.4161468365471424,-0.46991396516052053
0,-1.8333333333333333,-0.25953145961883317,-0.3016956579854511
0,-1.6666666666666667,-0.09572354801437566,-0.13227858783828428
0,-1.5,0.0707372016677029,0.030046851108233904
0,-1.3333333333333335,0.2352375733029892,0.18524237737819
0,-1.1666666666666665,0.393218679776358,0.33525994761085137
0,-1,0.5403023058681398,0.4747945248062407
0,-0.8333333333333333,0.6724122440830568,0.5987101151942584
0,-0.6666666666666667,0.7858872607769479,0.7041899207414035
0,-0.5,0.8775825618903728,0.7894076980525986
0,-0.33333333333333326,0.9449569463147377,0.8525372037327659
0,-0.16666666666666674,0.986143231562925,0.891752194386828
0,0,1,0.9052264266197073
0,0.16666666666666652,0.986143231562925,0.8922839807202083
0,0.3333333333333335,0.9449569463147376,0.8538549551049852
0,0.5,0.8775825618903728,0.7905221335707355
0,0.6666666666666665,0.785887260776948,0.7046500916172465
0,0.8333333333333335,0.6724122440830566,0.5990089079040736
0,1,0.5403023058681398,0.474789620967568
0,1.1666666666666665,0.393218679776358,0.3350211606829876
0,1.3333333333333335,0.2352375733029892,0.184982876098558
0,1.5,0.0707372016677029,0.02924143451008197
0,1.6666666666666665,-0.09572354801437544,-0.1332652690049448
0,1.8333333333333335,-0.2595314596188334,-0.30182688758522824
0,2,-0.4161468365471424,-0.4692180762592676
0.16666666666666652,-2,-0.4224404269606366,-0.4731470981744468
0.16666666666666652,-1.8333333333333333,-0.2668250908970347,-0.30728387037622634
0.16666666666666652,-1.6666666666666667,-0.10399457721554733,-0.1398766461248075
0.16666666666666652,-1.5,0.061526585801491916,0.020943025438447768
0.16666666666666652,-1.3333333333333335,0.22513997980616401,0.1750556520819887
0.16666666666666652,-1.1666666666666665,0.3823008608937767,0.32495975951934236
0.16666666666666652,-1,0.528644229075318,0.4637290302283796
0.16666666666666652,-0.8333333333333333,0.6601059071097941,0.5870333507951059
0.16666666666666652,-0.6666666666666667,0.7730352715283837,0.6918976191805223
0.16666666666666652,-0.5,0.8642965101856618,0.7767963769173963
0.16666666666666652,-0.33333333333333326,0.931355598825622,0.8397890871987586
0.16666666666666652,-0.16666666666666674,0.972350585131709,0.8789352132176401
0.16666666666666652,0,0.986143231562925,0.8922942181670716
0.16666666666666652,0.16666666666666652,0.972350585131709,0.878721378654821
0.16666666666666652,0.3333333333333335,0.931355598825622,0.8395855598349656
0.16666666666666652,0.5,0.8642965101856618,0.7767166077199983
0.16666666666666652,0.6666666666666665,0.7730352715283839,0.691944368322412
0.16666666666666652,0.8333333333333335,0.660105907109794,0.5870986876546997
0.16666666666666652,1,0.528644229075318,0.46400941172935506
0.16666666666666652,1.1666666666666665,0.3823008608937767,0.32576082901606995
0.16666666666666652,1.3333333333333335,0.22513997980616401,0.17628638088072113
0.16666666666666652,1.5,0.061526585801491916,0.018689642680079752
0.16666666666666652,1.6666666666666665,-0.10399457721554711,-0.1439258102290842
0.16666666666666652,1.8333333333333335,-0.26682509089703516,-0.3084564024900005
0.16666666666666652,2,-0.4224404269606366,-0.47179855874589804
0.3333333333333335,-2,-0.4410705581307256,-0.48566854667239007
0.3333333333333335,-1.8333333333333333,-0.2884366140089744,-0.3249483031857536
0.3333333333333335,-1.6666666666666667,-0.1285203827975119,-0.16250447463376452
0.3333333333333335,-1.5,0.03419891408883562,-0.005124613875723355
0.3333333333333335,-1.3333333333333335,0.19516706205392367,0.14608695886096215
0.3333333333333335,-1.1666666666666665,0.3498815685624632,0.2946941075233332
0.3333333333333335,-1,0.4940169150382271,0.4310044879774909
0.3333333333333335,-0.8333333333333333,0.6235448671818155,0.5527445755238565
0.3333333333333335,-0.6666666666666667,0.7348465029276658,0.6560973708216117
0.3333333333333335,-0.5,0.824812847414955,0.7399248311969606
0.3333333333333335,-0.33333333333333326,0.8909313208119537,0.802184660442756
0.3333333333333335,-0.16666666666666674,0.9313555988256219,0.8408345623518512
0.3333333333333335,0,0.9449569463147376,0.8538322407170987
0.3333333333333335,0.16666666666666652,0.931355598825622,0.8401120659532633
0.3333333333333335,0.3333333333333335,0.8909313208119537,0.8012301244485261
0.3333333333333335,0.5,0.824812847414955,0.7390766939558642
0.3333333333333335,0.6666666666666665,0.7348465029276661,0.6555420522282543
0.3333333333333335,0.8333333333333335,0.6235448671818155,0.5525164770186739
0.3333333333333335,1,0.4940169150382271,0.4318902460801004
0.3333333333333335,1.1666666666666665,0.3498815685624632,0.2963691700445542
0.3333333333333335,1.3333333333333335,0.19516706205392367,0.14955401034005994
0.3333333333333335,1.5,0.03419891408883562,-0.0053225290863992795
0.3333333333333335,1.6666666666666665,-0.12852038279751168,-0.1650277442878412
0.3333333333333335,1.8333333333333335,-0.2884366140089746,-0.3263289313172832
0.3333333333333335,2,-0.4410705581307256,-0.48599338622774224
0.5,-2,-0.4712932259118798,-0.5150786038953726
0.5,-1.8333333333333333,-0.32356622768613696,-0.35874247095779327
0.5,-1.6666666666666667,-0.16844780301459422,-0.20155493817708522
0.5,-1.5,-0.010342318905209227,-0.04737785269179012
0.5,-1.3333333333333335,0.14626905409775054,0.10014998091134827
0.5,-1.1666666666666665,0.29695365104922516,0.24579639362649075
0.5,-1,0.4374512107325989,0.37822384545866966
0.5,-0.8333333333333333,0.5637929133385202,0.4977919490662752
0.5,-0.6666666666666667,0.6724122440830567,0.5990921619852198
0.5,-0.5,0.7602445970756301,0.6807324440040412
0.5,-0.33333333333333326,0.8248128474149551,0.7409873190688253
0.5,-0.16666666666666674,0.8642965101856617,0.7781313111256578
0.5,0,0.8775825618903728,0.7904389441206247
0.5,0.16666666666666652,0.8642965101856618,0.7771429472256857
0.5,0.3333333333333335,0.824812847414955,0.7396564894784639
0.5,0.5,0.7602445970756301,0.6795247546235379
0.5,0.6666666666666665,0.6724122440830568,0.5982929264054873
0.5,0.8333333333333335,0.5637929133385201,0.49750618856889084
0.5,1,0.4374512107325989,0.37870972485832854
0.5,1.1666666666666665,0.29695365104922516,0.24554636532320362
0.5,1.3333333333333335,0.14626905409775054,0.10239555962818728
0.5,1.5,-0.010342318905209227,-0.048092579059239506
0.5,1.6666666666666665,-0.168447803014594,-0.20326793757159667
0.5,1.8333333333333335,-0.3235662276861372,-0.3604804027414038
0.5,2,-0.4712932259118798,-0.51707986140118
0.6666666666666665,-2,-0.5118945753122262,-0.5508071425301101
0.6666666666666665,-1.8333333333333333,-0.3709083889947644,-0.4009601691320247
0.6666666666666665,-1.6666666666666667,-0.22238359722242415,-0.25038731663885927
0.6666666666666665,-1.5,-0.07062113936525019,-0.10270974655424066
0.6666666666666665,-1.3333333333333335,0.07999876573004022,0.0390584014293848
0.6666666666666665,-1.1666666666666665,0.22513997980616446,0.17960001983248164
0.6666666666666665,-1,0.360632466521532,0.306990050077011
0.6666666666666665,-0.8333333333333333,0.48258956458198005,0.42164141095371105
0.6666666666666665,-0.6666666666666667,0.5875172368074649,0.5194188157294272
0.6666666666666665,-0.5,0.6724122440830568,0.5982575803660568
0.6666666666666665,-0.33333333333333326,0.7348465029276661,0.6565032953329935
0.6666666666666665,-0.16666666666666674,0.7730352715283838,0.6925015510996309
0.6666666666666665,0,0.785887260776948,0.7045979381353628
0.6666666666666665,0.16666666666666652,0.7730352715283839,0.691935429508997
0.6666666666666665,0.3333333333333335,0.7348465029276661,0.6557765166099759
0.6666666666666665,0.5,0.6724122440830568,0.5976460673886435
0.6666666666666665,0.6666666666666665,0.587517236807465,0.519068949795344
0.6666666666666665,0.8333333333333335,0.4825895645819799,0.42157003178042146
0.6666666666666665,1,0.360632466521532,0.3066741812942208
0.6666666666666665,1.1666666666666665,0.22513997980616446,0.17823951433587282
0.6666666666666665,1.3333333333333335,0.07999876573004022,0.040719291635599564
0.6666666666666665,1.5,-0.07062113936525019,-0.10346890175961755
0.6666666666666665,1.6666666666666665,-0.22238359722242393,-0.2519074808027982
0.6666666666666665,1.8333333333333335,-0.3709083889947648,-0.4021788604469615
0.6666666666666665,2,-0.5118945753122262,-0.5518654556451263
0.8333333333333335,-2,-0.5612293127757414,-0.5875531531020316
0.8333333333333335,-1.8333333333333333,-0.4286921557449603,-0.44777993570847485
0.8333333333333335,-1.6666666666666667,-0.2884366140089746,-0.3063274250106374
0.8333333333333335,-1.5,-0.1446329678123655,-0.16906644074504337
0.8333333333333335,-1.3333333333333335,-0.0015338612797431421,-0.03537409638869064
0.8333333333333335,-1.1666666666666665,0.13664658478973546,0.09743838814497227
0.8333333333333335,-1,0.265852412595659,0.21890604923760987
0.8333333333333335,-0.8333333333333333,0.38230086089377646,0.32657592275580394
0.8333333333333335,-0.6666666666666667,0.48258956458197966,0.4193118222852517
0.8333333333333335,-0.5,0.5637929133385201,0.49489887748059885
0.8333333333333335,-0.33333333333333326,0.6235448671818155,0.5513644036771784
0.8333333333333335,-0.16666666666666674,0.660105907109794,0.5867357162103236
0.8333333333333335,0,0.6724122440830566,0.5990401304153673
0.8333333333333335,0.16666666666666652,0.660105907109794,0.586946763825986
0.8333333333333335,0.3333333333333335,0.6235448671818155,0.5517349509191375
0.8333333333333335,0.5,0.5637929133385201,0.49534733244507523
0.8333333333333335,0.6666666666666665,0.4825895645819799,0.4197265491540532
0.8333333333333335,0.8333333333333335,0.3823008608937763,0.3268152417963247
0.8333333333333335,1,0.265852412595659,0.2185560511221441
0.8333333333333335,1.1666666666666665,0.13664658478973546,0.09780490365219256
0.8333333333333335,1.3333333333333335,-0.0015338612797431421,-0.03201645184843599
0.8333333333333335,1.5,-0.1446329678123655,-0.16811664126286824
0.8333333333333335,1.6666666666666665,-0.2884366140089744,-0.30770429047423165
0.8333333333333335,1.8333333333333335,-0.42869215574496067,-0.4479880253656538
0.8333333333333335,2,-0.5612293127757414,-0.5861764718202612
1,-2,-0.6172728764571667,-0.6408206056102309
1,-1.8333333333333333,-0.49473599814481595,-0.5090823990714249
1,-1.6666666666666667,-0.36427510173852784,-0.3767179307655408
1,-1.5,-0.22990426425114874,-0.24724935572792875
1,-1.3333333333333335,-0.09572354801437566,-0.12133382934663992
1,-1.1666666666666665,0.034198914088835845,0.0006449005676298566
1,-1,0.15594369476537437,0.11557479034556174
1,-0.8333333333333333,0.2658524125956592,0.21876917721575534
1,-0.6666666666666667,0.3606324665215318,0.3066206687326476
1,-0.5,0.4374512107325989,0.37763612671567776
1,-0.33333333333333326,0.4940169150382271,0.43032241298428475
1,-0.16666666666666674,0.5286442290753179,0.4631863893579077
1,0,0.5403023058681398,0.4747349176559855
1,0.16666666666666652,0.528644229075318,0.46382509771688024
1,0.3333333333333335,0.4940169150382271,0.43131597561248913
1,0.5,0.4374512107325989,0.378717332512554
1,0.6666666666666665,0.360632466521532,0.30753894958681677
1,0.8333333333333335,0.265852412595659,0.2192906080050188
1,1,0.15594369476537437,0.11548208893690252
1,1.1666666666666665,0.034198914088835845,0.0004040952498044134
1,1.3333333333333335,-0.09572354801437566,-0.12141513285842678
1,1.5,-0.22990426425114874,-0.2481095082222804
1,1.6666666666666665,-0.3642751017385276,-0.3778129436762465
1,1.8333333333333335,-0.49473599814481595,-0.5086593520548153
1,2,-0.6172728764571667,-0.6387826461924758
1.1666666666666665,-2,-0.6776858134882473,-0.699459495178996
1.1666666666666665,-1.8333333333333333,-0.5665154696014444,-0.5766158786571814
1.1666666666666665,-1.6666666666666667,-0.4471974958811053,-0.45427219546124836
1.1666666666666665,-1.5,-0.32356622768613696,-0.3338535442703018
1.1666666666666665,-1.3333333333333335,-0.1995460598898562,-0.21636435802799492
1.1666666666666665,-1.1666666666666665,-0.07903697518835123,-0.10623302248637015
1.1666666666666665,-1,0.034198914088835845,0.0009401810258035104
1.1666666666666665,-0.8333333333333333,0.13664658478973565,0.09736220344813948
1.1666666666666665,-0.6666666666666667,0.22513997980616424,0.17938609493912655
1.1666666666666665,-0.5,0.29695365104922516,0.24538179357287748
1.1666666666666665,-0.33333333333333326,0.3498815685624632,0.2941237951155405
1.1666666666666665,-0.16666666666666674,0.3823008608937767,0.32438659533326397
1.1666666666666665,0,0.393218679776358,0.3349446899921962
1.1666666666666665,0.16666666666666652,0.3823008608937767,0.32487322133843954
1.1666666666666665,0.3333333333333335,0.3498815685624632,0.2948893527227119
1.1666666666666665,0.5,0.29695365104922516,0.24623061156808415
1.1666666666666665,0.6666666666666665,0.22513997980616446,0.18013452529762736
1.1666666666666665,0.8333333333333335,0.13664658478973546,0.09783862133441215
1.1666666666666665,1,0.034198914088835845,0.000580427101510024
1.1666666666666665,1.1666666666666665,-0.07903697518835123,-0.10669951064455241
1.1666666666666665,1.3333333333333335,-0.1995460598898562,-0.2191274290699772
1.1666666666666665,1.5,-0.32356622768613696,-0.33556597663578575
1.1666666666666665,1.6666666666666665,-0.4471974958811049,-0.45487780180300036
1.1666666666666665,1.8333333333333335,-0.5665154696014447,-0.575925553032643
1.1666666666666665,2,-0.6776858134882473,-0.6975718787857353
1.3333333333333335,-2,-0.7398884481811925,-0.7539777005317414
1.3333333333333335,-1.8333333333333333,-0.6412417470186269,-0.6431746463732849
1.3333333333333335,-1.6666666666666667,-0.5342146243131501,-0.5322762535410018
1.3333333333333335,-1.5,-0.422440426960637,-0.42491939923630506
1.3333333333333335,-1.3333333333333335,-0.3096469929082426,-0.3180541933600158
1.3333333333333335,-1.1666666666666665,-0.1995460598898562,-0.21872026193426633
1.3333333333333335,-1,-0.09572354801437566,-0.1208194993047228
1.3333333333333335,-0.8333333333333333,-0.0015338612797431421,-0.035389673395588364
1.3333333333333335,-0.6666666666666667,0.07999876573004,0.0392163873174976
1.3333333333333335,-0.5,0.14626905409775054,0.10031598721100114
1.3333333333333335,-0.33333333333333326,0.19516706205392367,0.14615920002818228
1.3333333333333335,-0.16666666666666674,0.22513997980616401,0.17499609951230105
1.3333333333333335,0,0.2352375733029892,0.1850767594066176
1.3333333333333335,0.16666666666666652,0.22513997980616401,0.175181812708542
1.3333333333333335,0.3333333333333335,0.19516706205392367,0.14643666020755872
1.3333333333333335,0.5,0.14626905409775054,0.10060852733503922
1.3333333333333335,0.6666666666666665,0.07999876573004022,0.039464639522354975
1.3333333333333335,0.8333333333333335,-0.0015338612797431421,-0.035227777799122784
1.3333333333333335,1,-0.09572354801437566,-0.12170149919802224
1.3333333333333335,1.1666666666666665,-0.1995460598898562,-0.2169922723619777
1.3333333333333335,1.3333333333333335,-0.3096469929082426,-0.3182389637893302
1.3333333333333335,1.5,-0.422440426960637,-0.42382902626476743
1.3333333333333335,1.6666666666666665,-0.5342146243131501,-0.5321499125729781
1.3333333333333335,1.8333333333333335,-0.6412417470186269,-0.64158907549865
1.3333333333333335,2,-0.7398884481811925,-0.7505339678264714
1.5,-2,-0.8011436155469337,-0.8223660170662511
1.5,-1.8333333333333333,-0.7159487285832418,-0.7202082593108674
1.5,-1.6666666666666667,-0.6221409373829588,-0.6189317818062655
1.5,-1.5,-0.5231338942888556,-0.520416351234775
1.5,-1.3333333333333335,-0.422440426960637,-0.42465707766205624
1.5,-1.1666666666666665,-0.32356622768613696,-0.3355918677680124
1.5,-1,-0.22990426425114874,-0.24774974555291382
1.5,-0.8333333333333333,-0.1446329678123653,-0.16864131651690487
1.5,-0.6666666666666667,-0.07062113936525041,-0.10068764723433808
1.5,-0.5,-0.010342318905209227,-0.04568003551611194
1.5,-0.33333333333333326,0.03419891408883562,-0.004853336250872968
1.5,-0.16666666666666674,0.061526585801491916,0.02055759567273236
1.5,0,0.0707372016677029,0.029317905366057655
1.5,0.16666666666666652,0.061526585801491916,0.02058085115909309
1.5,0.3333333333333335,0.03419891408883562,-0.00484019483882097
1.5,0.5,-0.010342318905209227,-0.045689916847305515
1.5,0.6666666666666665,-0.07062113936525019,-0.10071299908598176
1.5,0.8333333333333335,-0.1446329678123655,-0.16865412577447092
1.5,1,-0.22990426425114874,-0.24825798113239386
1.5,1.1666666666666665,-0.32356622768613696,-0.33543726576158833
1.5,1.3333333333333335,-0.422440426960637,-0.4265056174969512
1.5,1.5,-0.5231338942888556,-0.5208091264076915
1.5,1.6666666666666665,-0.6221409373829585,-0.6176938825630194
1.5,1.8333333333333335,-0.7159487285832418,-0.7165059760321442
1.5,2,-0.8011436155469337,-0.8165914968842751
1.6666666666666665,-2,-0.8586449894341347,-0.9002057929288623
1.6666666666666665,-1.8333333333333333,-0.7875861211768981,-0.8048161714128707
1.6666666666666665,-1.6666666666666667,-0.7076921035197548,-0.7122481484872328
1.6666666666666665,-1.5,-0.6221409373829585,-0.620056640670996
1.6666666666666665,-1.3333333333333335,-0.5342146243131501,-0.5344267532534711
1.6666666666666665,-1.1666666666666665,-0.4471974958811049,-0.45562288997956335
1.6666666666666665,-1,-0.3642751017385276,-0.3778960526256671
1.6666666666666665,-0.8333333333333333,-0.2884366140089742,-0.30347171102167425
1.6666666666666665,-0.6666666666666667,-0.22238359722242415,-0.24247744847822872
1.6666666666666665,-0.5,-0.168447803014594,-0.19487902257412745
1.6666666666666665,-0.33333333333333326,-0.12852038279751168,-0.1607613975263383
1.6666666666666665,-0.16666666666666674,-0.10399457721554711,-0.14020953755182905
1.6666666666666665,0,-0.09572354801437544,-0.13330840686756748
1.6666666666666665,0.16666666666666652,-0.10399457721554711,-0.14015648346938644
1.6666666666666665,0.3333333333333335,-0.12852038279751168,-0.1607175208391628
1.6666666666666665,0.5,-0.168447803014594,-0.19487439642292986
1.6666666666666665,0.6666666666666665,-0.22238359722242393,-0.24250998766672135
1.6666666666666665,0.8333333333333335,-0.2884366140089744,-0.30350717201657074
1.6666666666666665,1,-0.3642751017385276,-0.3777488269185115
1.6666666666666665,1.1666666666666665,-0.4471974958811049,-0.45852408109843035
1.6666666666666665,1.3333333333333335,-0.5342146243131501,-0.5398621792878114
1.6666666666666665,1.5,-0.6221409373829585,-0.6227561729410837
1.6666666666666665,1.6666666666666665,-0.7076921035197544,-0.7081991135126768
1.6666666666666665,1.8333333333333335,-0.7875861211768984,-0.7971840524570204
1.6666666666666665,2,-0.8586449894341347,-0.8907040412285432
1.8333333333333335,-2,-0.9096083611898426,-0.9761388550703344
1.8333333333333335,-1.8333333333333333,-0.853115767612191,-0.8892441078917359
1.8333333333333335,-1.6666666666666667,-0.7875861211768984,-0.8062111539155449
1.8333333333333335,-1.5,-0.7159487285832418,-0.7223933712915186
1.8333333333333335,-1.3333333333333335,-0.6412417470186269,-0.6456169624536148
1.8333333333333335,-1.1666666666666665,-0.5665154696014447,-0.5775883785608732
1.8333333333333335,-1,-0.49473599814481595,-0.50930391542988
1.8333333333333335,-0.8333333333333333,-0.42869215574496067,-0.4431687682679685
1.8333333333333335,-0.6666666666666667,-0.3709083889947648,-0.39062521443590387
1.8333333333333335,-0.5,-0.3235662276861372,-0.3508790624802395
1.8333333333333335,-0.33333333333333326,-0.2884366140089746,-0.3232743674568131
1.8333333333333335,-0.16666666666666674,-0.26682509089703516,-0.3071551844214628
1.8333333333333335,0,-0.2595314596188334,-0.3018655684300261
1.8333333333333335,0.16666666666666652,-0.26682509089703516,-0.30704764020171826
1.8333333333333335,0.3333333333333335,-0.2884366140089746,-0.3231804984060883
1.8333333333333335,0.5,-0.3235662276861372,-0.3508636650244756
1.8333333333333335,0.6666666666666665,-0.3709083889947648,-0.3906966620382194
1.8333333333333335,0.8333333333333335,-0.42869215574496067,-0.4432790114286587
1.8333333333333335,1,-0.49473599814481595,-0.509210235177133
1.8333333333333335,1.1666666666666665,-0.5665154696014447,-0.5809574007666493
1.8333333333333335,1.3333333333333335,-0.6412417470186269,-0.6517743130874734
1.8333333333333335,1.5,-0.7159487285832418,-0.723440600231831
1.8333333333333335,1.6666666666666665,-0.7875861211768984,-0.7977358902919485
1.8333333333333335,1.8333333333333335,-0.8531157676121912,-0.8764398113600517
1.8333333333333335,2,-0.9096083611898426,-0.9613319915283669
2,-2,-0.9513631281258474,-1.0577467170950827
2,-1.8333333333333333,-0.9096083611898426,-0.977661032742843
2,-1.6666666666666667,-0.8586449894341349,-0.9029871230448366
2,-1.5,-0.8011436155469337,-0.8256572687170772
2,-1.3333333333333335,-0.7398884481811925,-0.7564814475818411
2,-1.1666666666666665,-0.6776858134882473,-0.7002633835038962
2,-1,-0.6172728764571667,-0.6400188288724492
2,-0.8333333333333333,-0.5612293127757414,-0.5802007408355749
2,-0.6666666666666667,-0.5118945753122262,-0.5354112755992836
2,-0.5,-0.4712932259118798,-0.5037869092079006
2,-0.33333333333333326,-0.4410705581307252,-0.48346690979620943
2,-0.16666666666666674,-0.4224404269606366,-0.4725905454989936
2,0,-0.4161468365471424,-0.4692970844510367
2,0.16666666666666652,-0.4224404269606366,-0.4724485830040097
2,0.3333333333333335,-0.4410705581307256,-0.48334052873027655
2,0.5,-0.4712932259118798,-0.5037623365956597
2,0.6666666666666665,-0.5118945753122262,-0.5355034215659821
2,0.8333333333333335,-0.5612293127757414,-0.5803531986070657
2,1,-0.6172728764571667,-0.6401010826847338
2,1.1666666666666665,-0.6776858134882473,-0.7050229388340105
2,1.3333333333333335,-0.7398884481811925,-0.7662942116222886
2,1.5,-0.8011436155469337,-0.8270536853139409
2,1.6666666666666665,-0.8586449894341347,-0.8904401441733408
2,1.8333333333333335,-0.9096083611898426,-0.959592372464862
2,2,-0.9513631281258474,-1.037649154452877
